<?xml version="1.0" encoding="UTF-8"?>
<addon id="plugin.video.TamilGun"
version="2.1.0"
name="Tamil Gun Plugin"
provider-name="Asvini_JR">
<requires>
  <import addon="xbmc.python" version="2.24.0"/>
  <import addon="script.module.requests" version="2.12.4"/>
  <import addon="script.module.beautifulsoup4" version="4.3.2"/>
</requires>
<extension point="xbmc.python.pluginsource" library="main.py">
  <provides>video</provides>
</extension>
<extension point="xbmc.addon.metadata">
  <summary lang="en">Tamil Gun Plugin</summary>
  <description lang="en">Plugin to see view videos on Tamilgun.com.</description>
  <disclaimer lang="en">Plugin to see view videos on Tamilgun.com.</disclaimer>
  <assets>
    <icon>icon.png</icon>
    <fanart>fanart.jpg</fanart>
    <screenshot>resources\screenshot-01.jpg</screenshot>
    <screenshot>resources\screenshot-02.jpg</screenshot>
    <screenshot>resources\screenshot-03.jpg</screenshot>    
  </assets>
  <news>Updated with latest artwork metadata</news>
</extension>
</addon>
